{"type": "block", "layer": 2, "block": 0, "features": [{"geom": {"polygons": [[[[-22.103647010526068, -0.08352054027966141], [-20.49804572306813, 3.059539804770388], [-19.041505563117216, 2.318493056798975], [-19.871988987653904, 0.6830795438193401], [-20.272324587178325, 0.9088006797260912], [-20.49804572306813, 0.45735840791259785], [-20.08493345547991, 0.25719060813343936], [-20.64284796119795, -0.83308506714111], [-22.103647010526068, -0.08352054027966141]]]], "centroids": [[-20.587365277710145, 1.1351512133696016, 0.0]], "h": 9.990090251918543}, "mtl": {"face": 0}}, {"geom": {"polygons": [[[[-18.849855542058553, 0.4701350760442072], [-18.13862101950714, 1.8585330063666983], [-15.898445217931434, 0.7043739907053587], [-16.61819751918639, -0.6925417183715417], [-18.849855542058553, 0.4701350760442072]]]], "centroids": [[-17.37482625049955, 0.584586971429054, 0.0]], "h": 9.553205838569335}, "mtl": {"face": 0}}, {"geom": {"polygons": [[[[-16.533385397271598, -3.884207459138563], [-14.859276214895079, -0.6052344862066935], [-13.38570049752012, -1.3569284576889291], [-14.25877281565931, -3.060484200568185], [-14.66549674921563, -2.8454102880366254], [-14.874182327698337, -3.2649108895889176], [-14.473846728173918, -3.4821142467412596], [-15.074400164042185, -4.636713613372229], [-16.533385397271598, -3.884207459138563]]]], "centroids": [[-14.975390055130166, -2.599726512677661, 0.0]], "h": 9.087195797663515}, "mtl": {"face": 0}}, {"geom": {"polygons": [[[[-13.056563824225275, -1.4994489556411357], [-14.731286275195915, -4.813682719727841], [-15.074400164042185, -4.636713613372229], [-14.473846728173918, -3.4821142467412596], [-14.874182327698337, -3.2649108895889176], [-14.66549674921563, -2.8454102880366254], [-14.25877281565931, -3.060484200568185], [-13.38570049752012, -1.3569284576889291], [-14.859276214895079, -0.6052344862066935], [-16.533385397271598, -3.884207459138563], [-22.641347964686382, -0.7338812474776707], [-20.487770478629784, 3.4700482197667526], [-12.584969997496087, -0.594874333712614], [-13.056563824225275, -1.4994489556411357]], [[-18.13862101950714, 1.8585330063666983], [-18.849855542058553, 0.4701350760442072], [-16.61819751918639, -0.6925417183715417], [-15.898445217931434, 0.7043739907053587], [-18.13862101950714, 1.8585330063666983]], [[-22.103647010526068, -0.08352054027966141], [-20.64284796119795, -0.83308506714111], [-20.08493345547991, 0.25719060813343936], [-20.49804572306813, 0.45735840791259785], [-20.272324587178325, 0.9088006797260912], [-19.871988987653904, 0.6830795438193401], [-19.041505563117216, 2.318493056798975], [-20.49804572306813, 3.059539804770388], [-22.103647010526068, -0.08352054027966141]]]], "centroids": [[-17.607223777342906, -0.8051548269379621, 0.0]], "h": 7.354220958044992}, "mtl": {"face": 0}}, {"geom": {"polygons": [[[[-14.731286275195915, -4.813682719727841], [-13.056563824225275, -1.4994489556411357], [-11.891994789174232, -2.095119324110425], [-11.426579047481678, -1.1936337447341294], [-4.0226589354635855, -5.013234837163214], [-6.191166793850278, -9.218451405866638], [-14.731286275195915, -4.813682719727841]], [[-11.541601406142494, -1.5464490342285175], [-12.25709481805415, -2.922070296419404], [-7.789519882966528, -5.230388327606457], [-7.0612498029741175, -3.8547670654155706], [-11.541601406142494, -1.5464490342285175]], [[-7.372148726035011, -7.436493014418765], [-5.834689668290211, -8.237164213399769], [-4.322783946689956, -5.2942716679932476], [-5.864501893795005, -4.502118247766648], [-7.372148726035011, -7.436493014418765]]]], "centroids": [[-9.850435407082731, -5.176818371398248, 0.0]], "h": 7.106653123813774}, "mtl": {"face": 0}}, {"geom": {"polygons": [[[[-7.372148726035011, -7.436493014418765], [-5.864501893795005, -4.502118247766648], [-4.322783946689956, -5.2942716679932476], [-5.834689668290211, -8.237164213399769], [-7.372148726035011, -7.436493014418765]]]], "centroids": [[-5.848168841244089, -6.367717810692333, 0.0]], "h": 8.329929481191556}, "mtl": {"face": 0}}, {"geom": {"polygons": [[[[-9.303006000175252, -2.699793815512242], [-7.0612498029741175, -3.8547670654155706], [-7.789519882966528, -5.230388327606457], [-10.009861349050686, -4.083176626395352], [-9.303006000175252, -2.699793815512242]]]], "centroids": [[-8.540022139180008, -3.9661777055276235, 0.0]], "h": 8.825065149653991}, "mtl": {"face": 0}}, {"geom": {"polygons": [[[[-12.25709481805415, -2.922070296419404], [-11.541601406142494, -1.5464490342285175], [-9.303006000175252, -2.699793815512242], [-10.009861349050686, -4.083176626395352], [-12.25709481805415, -2.922070296419404]]]], "centroids": [[-10.777801007538834, -2.8135666387699945, 0.0]], "h": 9.30563800433812}, "mtl": {"face": 0}}], "featureCount": 8}