{"type": "block", "layer": 1, "block": 173, "features": [{"geom": {"polygons": [[[[20.37251324534858, -23.7985064592388], [20.43042901662603, -23.7985064592388], [20.43042901662603, -23.85642223056668], [20.37251324534858, -23.85642223056668], [20.37251324534858, -23.7985064592388]]]], "centroids": [[20.401471130978877, -23.827464344767893, 0.0]], "h": 8.10820797837045}, "mtl": {"face": 0}}, {"geom": {"polygons": [[[[20.43042901662603, -23.7985064592388], [20.546260559164065, -23.7985064592388], [20.546260559164065, -23.85642223056668], [20.43042901662603, -23.85642223056668], [20.43042901662603, -23.7985064592388]]]], "centroids": [[20.488344787886614, -23.82746434490274, 0.0]], "h": 8.252997406555638}, "mtl": {"face": 0}}]}