{"type": "block", "layer": 12, "block": 0, "features": [{"geom": {"polygons": [[[[-28.35526558123627, 22.976732043097222], [-27.041294379840007, 22.976778819900918], [-27.04124819860767, 21.66281373168194], [-28.355219399973343, 21.662766955000613], [-28.35526558123627, 22.976732043097222]]]], "centroids": [[-27.69825688989903, 22.31977288742017, 0.0]], "h": 6.569820303904382}, "mtl": {"face": 0}, "prop": ["NULL", "2 etager"], "lh": 7.883784364685258}, {"geom": {"polygons": [[[[-30.9831971794908, 22.9766667250334], [-29.66922683488517, 22.976701398285066], [-29.669192699934566, 21.66273657940782], [-30.983163044494304, 21.662701906156155], [-30.9831971794908, 22.9766667250334]]]], "centroids": [[-30.326194939705033, 22.31970165222061, 0.0]], "h": 6.569820303904382}, "mtl": {"face": 1}, "prop": ["NULL", "1 etage"], "lh": 7.883784364685258}, {"geom": {"polygons": [[[[-23.099390713853534, 22.976919372417996], [-21.78541779893719, 22.976990356570507], [-21.785347525141397, 21.663024730035158], [-23.09932044001185, 21.662953746066215], [-23.099390713853534, 22.976919372417996]]]], "centroids": [[-22.44236911947452, 22.31997205125717, 0.0]], "h": 6.569820303904382}, "mtl": {"face": 2}, "prop": ["NULL", "4 etager"], "lh": 7.883784364685258}, {"geom": {"polygons": [[[[-25.727325739469453, 22.976805640207235], [-24.413353681244317, 22.976864520624154], [-24.4132954537226, 21.66289916324699], [-25.727267511917145, 21.66284028289126], [-25.727325739469453, 22.976805640207235]]]], "centroids": [[-25.07031059658073, 22.31985240184948, 0.0]], "h": 6.569820303904382}, "mtl": {"face": 3}, "prop": ["NULL", "3 etager"], "lh": 7.883784364685258}]}