{"type": "block", "layer": 9, "block": 0, "features": [{"geom": {"polygons": [[[[-4.980052958436298, 26.58138617026897], [-2.114785622696058, 26.58148817254084], [-2.1146849191369608, 23.71623416729325], [-4.979952254810488, 23.716132165288233], [-4.980052958436298, 26.58138617026897]]]], "centroids": [[-3.5473689387365948, 25.148810168847827, 0.0]], "h": 14.326258823981089}, "mtl": {"face": 0}, "prop": ["NULL", "2 etager"], "lh": 17.191510588777305}, {"geom": {"polygons": [[[[-10.71056406936251, 26.58124373661859], [-7.845298601954099, 26.5813193456847], [-7.845224166716191, 23.716065927768163], [-10.710489634024539, 23.715990318702055], [-10.71056406936251, 26.58124373661859]]]], "centroids": [[-9.277894118022672, 25.148654832193372, 0.0]], "h": 14.326258823981089}, "mtl": {"face": 1}, "prop": ["NULL", "1 etage"], "lh": 17.191510588777305}, {"geom": {"polygons": [[[[6.480994713116317, 26.581794663684413], [9.346265785386777, 26.58194945290149], [9.34641902558826, 23.71669427379234], [6.4811479534178655, 23.716539484975534], [6.480994713116317, 26.581794663684413]]]], "centroids": [[7.913706869402326, 25.149244468805087, 0.0]], "h": 14.326258823981089}, "mtl": {"face": 2}, "prop": ["NULL", "4 etager"], "lh": 17.191510588777305}, {"geom": {"polygons": [[[[0.7504761284291672, 26.581546657344415], [3.615745332584619, 26.581675052955468], [3.6158723044815932, 23.716420460777094], [0.7506031003928437, 23.716292065299474], [0.7504761284291672, 26.581546657344415]]]], "centroids": [[2.183174216488737, 25.1489835593276, 0.0]], "h": 14.326258823981089}, "mtl": {"face": 3}, "prop": ["NULL", "3 etager"], "lh": 17.191510588777305}]}