{"type": "block", "layer": 6, "block": 0, "features": [{"geom": {"polygons": [[[[-10.232506535863472, 27.91186645566339], [-8.06065331041525, 27.91194377269429], [-8.060576977799816, 25.740100651670907], [-10.23243020319748, 25.740023334842267], [-10.232506535863472, 27.91186645566339]]]], "centroids": [[-9.146541756793718, 26.825983553717716, 0.0]], "h": 10.859207113890825}, "mtl": {"face": 0}, "prop": ["NULL", "2 etager"], "lh": 13.03104853666899}, {"geom": {"polygons": [[[[-14.576195128019437, 27.911758491921525], [-12.404343318754075, 27.91181580308131], [-12.404286897348115, 25.73997312725088], [-14.576138706537623, 25.7399158160911], [-14.576195128019437, 27.911758491921525]]]], "centroids": [[-13.490241012671135, 26.8258658095862, 0.0]], "h": 10.859207113890825}, "mtl": {"face": 1}, "prop": ["NULL", "1 etage"], "lh": 13.03104853666899}, {"geom": {"polygons": [[[[-1.5451100608512514, 27.912176090904335], [0.6267459968615663, 27.91229342008203], [0.626862151895935, 25.740449409279538], [-1.5449939057410322, 25.740332080405246], [-1.5451100608512514, 27.912176090904335]]]], "centroids": [[-0.459123954439733, 26.826312750142506, 0.0]], "h": 10.859207113890825}, "mtl": {"face": 2}, "prop": ["NULL", "4 etager"], "lh": 13.03104853666899}, {"geom": {"polygons": [[[[-5.888804318067359, 27.911988103779112], [-3.7169496763730603, 27.912085426782276], [-3.7168534325355216, 25.74024186086934], [-5.888708074179255, 25.740144537967307], [-5.888804318067359, 27.911988103779112]]]], "centroids": [[-4.802828875276155, 26.826114982526494, 0.0]], "h": 10.859207113890825}, "mtl": {"face": 3}, "prop": ["NULL", "3 etager"], "lh": 13.03104853666899}]}