{"type": "block", "layer": 7, "block": 0, "features": [{"geom": {"polygons": [[[[-12.162210188503774, 19.43495398132661], [-9.990356963055547, 19.435031298357522], [-9.990280630440118, 17.26318817733414], [-12.162133855837777, 17.2631108605055], [-12.162210188503774, 19.43495398132661]]]], "centroids": [[-11.076245409434021, 18.34907107938094, 0.0]], "h": 10.859207113890825}, "mtl": {"face": 0}, "prop": ["NULL", "2 etager"], "lh": 13.03104853666899}, {"geom": {"polygons": [[[[-16.505898780659734, 19.434846017584753], [-14.334046971394375, 19.434903328744536], [-14.333990549988412, 17.26306065291411], [-16.505842359177926, 17.26300334175433], [-16.505898780659734, 19.434846017584753]]]], "centroids": [[-15.419944665311435, 18.348953335249433, 0.0]], "h": 10.859207113890825}, "mtl": {"face": 1}, "prop": ["NULL", "1 etage"], "lh": 13.03104853666899}, {"geom": {"polygons": [[[[-3.4748137134915535, 19.435263616567564], [-1.3029576557787304, 19.43538094574526], [-1.3028415007443672, 17.263536934942767], [-3.4746975583813344, 17.263419606068474], [-3.4748137134915535, 19.435263616567564]]]], "centroids": [[-2.388827607080035, 18.349400275805735, 0.0]], "h": 10.859207113890825}, "mtl": {"face": 2}, "prop": ["NULL", "4 etager"], "lh": 13.03104853666899}, {"geom": {"polygons": [[[[-7.818507970707661, 19.43507562944234], [-5.646653329013363, 19.435172952445505], [-5.646557085175824, 17.263329386532572], [-7.818411726819551, 17.263232063630532], [-7.818507970707661, 19.43507562944234]]]], "centroids": [[-6.732532527916457, 18.349202508189723, 0.0]], "h": 10.859207113890825}, "mtl": {"face": 3}, "prop": ["NULL", "3 etager"], "lh": 13.03104853666899}]}