{"type": "block", "layer": 6, "block": 0, "features": [{"geom": {"polygons": [[[[-11.255680785910332, 28.529193659588437], [-8.866642234983368, 28.529193659588437], [-8.866634675578904, 28.314110716817925], [-11.255673223516089, 28.314025668306424], [-11.255680785910332, 28.529193659588437]]]], "centroids": [[-10.061236437624299, 28.4216309246569, 0.0]], "h": 11.9451278252787}, "mtl": {"face": 0}, "prop": ["NULL", "2 etager"], "lh": 14.334153390334441}, {"geom": {"polygons": [[[[-16.03375817002742, 28.529193659588437], [-13.644721178278296, 28.529193659588437], [-13.644715587081546, 28.3139704399559], [-16.033752577189762, 28.313907397680133], [-16.03375817002742, 28.529193659588437]]]], "centroids": [[-14.83929518516981, 28.421566288424494, 0.0]], "h": 11.9451278252787}, "mtl": {"face": 1}, "prop": ["NULL", "1 etage"], "lh": 14.334153390334441}, {"geom": {"polygons": [[[[-1.699504785821565, 28.529193659588437], [0.6895368844901162, 28.529193659588437], [0.6895483670854574, 28.31449435018742], [-1.699493296314969, 28.314365288425698], [-1.699504785821565, 28.529193659588437]]]], "centroids": [[-0.505097848319852, 28.421811736276936, 0.0]], "h": 11.9451278252787}, "mtl": {"face": 2}, "prop": ["NULL", "4 etager"], "lh": 14.334153390334441}, {"geom": {"polygons": [[[[-6.477588410724455, 28.529193659588437], [-4.088548300160754, 28.529193659588437], [-4.088538775788658, 28.314266046936197], [-6.477578881596524, 28.314158991743966], [-6.477588410724455, 28.529193659588437]]]], "centroids": [[-5.283162732217423, 28.42170308712806, 0.0]], "h": 11.9451278252787}, "mtl": {"face": 3}, "prop": ["NULL", "3 etager"], "lh": 14.334153390334441}]}