{"type": "block", "layer": 2, "block": 0, "features": [{"geom": {"polygons": [[[[-0.9419026282626031, -2.8863987157504467], [-2.475927446779147, -5.922195390911386], [-2.7902154774691548, -5.760093902928807], [-2.2401160416292862, -4.702495324233759], [-2.606818443600567, -4.503539765750823], [-2.4156650638429755, -4.119282461628103], [-2.0431110278004927, -4.316287475472403], [-1.2433877043273756, -2.755851722199789], [-2.5931646307108256, -2.067309446126171], [-4.126627702865604, -5.070807677613245], [-9.721445019343179, -2.185148270402431], [-7.748794977961959, 1.665598540991716], [-0.5099285814332499, -2.05781967602109], [-0.9419026282626031, -2.8863987157504467]], [[-5.597003455366539, 0.18947076152613693], [-6.248485382265695, -1.0822843772773685], [-4.204314545752874, -2.1472817787949263], [-3.5450304400972907, -0.8677244611884061], [-5.597003455366539, 0.18947076152613693]], [[-9.228917670621078, -1.5894259969884734], [-7.890844012364501, -2.2760177284234544], [-7.3798013032363, -1.277338846483031], [-7.75820697334998, -1.093987645481885], [-7.551449236079533, -0.6804721709099862], [-7.184746834108252, -0.8872299081959337], [-6.42403440449491, 0.6107884147768191], [-7.75820697334998, 1.2895779672845573], [-9.228917670621078, -1.5894259969884734]]]], "centroids": [[-5.110250227989238, -2.2504339777345437, 6.121161887936049]], "h": 0.6269496980047409}, "mtl": {"face": 0, "edge": 1}}, {"geom": {"polygons": [[[[-4.126627702865604, -5.070807677613245], [-2.5931646307108256, -2.067309446126171], [-1.2433877043273756, -2.755851722199789], [-2.0431110278004927, -4.316287475472403], [-2.4156650638429755, -4.119282461628103], [-2.606818443600567, -4.503539765750823], [-2.2401160416292862, -4.702495324233759], [-2.7902154774691548, -5.760093902928807], [-4.126627702865604, -5.070807677613245]]]], "centroids": [[-2.699523456073588, -3.8942391962864176, 6.101138403510008]], "h": 2.227672331208334}, "mtl": {"face": 2, "edge": 1}}, {"geom": {"polygons": [[[[-6.248485382265695, -1.0822843772773685], [-5.597003455366539, 0.18947076152613693], [-3.5450304400972907, -0.8677244611884061], [-4.204314545752874, -2.1472817787949263], [-6.248485382265695, -1.0822843772773685]]]], "centroids": [[-4.897377000110225, -0.9774478726106747, 6.122348031320982]], "h": 2.6278529895092326}, "mtl": {"face": 3, "edge": 1}}, {"geom": {"polygons": [[[[-9.228917670621078, -1.5894259969884734], [-7.75820697334998, 1.2895779672845573], [-6.42403440449491, 0.6107884147768191], [-7.184746834108252, -0.8872299081959337], [-7.551449236079533, -0.6804721709099862], [-7.75820697334998, -1.093987645481885], [-7.3798013032363, -1.277338846483031], [-7.890844012364501, -2.2760177284234544], [-9.228917670621078, -1.5894259969884734]]]], "centroids": [[-7.840022568238725, -0.47313791316935483, 6.120081586603483]], "h": 3.028033647810131}, "mtl": {"face": 4, "edge": 1}}, {"geom": {"polygons": [[[[-0.20959901795962188, -4.189502070482511], [0.44578399832551074, -2.9294501998835187], [2.496309390984186, -3.985899594092201], [1.848838732399749, -5.253060946215784], [-0.20959901795962188, -4.189502070482511]]]], "centroids": [[1.145415610221412, -4.090114077183963, 6.0349642222600846]], "h": 2.4944594367422663}, "mtl": {"face": 5, "edge": 1}}, {"geom": {"polygons": [[[[2.496309390984186, -3.985899594092201], [4.549730028879539, -5.04384064518838], [3.882643744436476, -6.303892515787373], [1.848838732399749, -5.253060946215784], [2.496309390984186, -3.985899594092201]]]], "centroids": [[3.195193064643609, -5.14589139806366, 5.989303044928396]], "h": 2.094278778441368}, "mtl": {"face": 6, "edge": 1}}, {"geom": {"polygons": [[[[4.2649505039206055, -8.324656816077256], [5.645936145376352, -5.636806231484152], [7.058130501904369, -6.362408856561493], [5.673243771062653, -9.05806161995761], [4.2649505039206055, -8.324656816077256]]]], "centroids": [[5.660897017227507, -7.34567209715799, 5.938359942098809]], "h": 1.6940981201404697}, "mtl": {"face": 7, "edge": 1}}, {"geom": {"polygons": [[[[-2.475927446779147, -5.922195390911386], [-0.9419026282626031, -2.8863987157504467], [0.1248280420098058, -3.432025322927712], [0.5511430402179385, -2.6062758075400287], [7.33304125837747, -6.104982634586266], [5.346715182683348, -9.956908414818455], [-2.475927446779147, -5.922195390911386]], [[0.44578399832551074, -2.9294501998835187], [-0.20959901795962188, -4.189502070482511], [3.882643744436476, -6.303892515787373], [4.549730028879539, -5.04384064518838], [0.44578399832551074, -2.9294501998835187]], [[4.2649505039206055, -8.324656816077256], [5.673243771062653, -9.05806161995761], [7.058130501904369, -6.362408856561493], [5.645936145376352, -5.636806231484152], [4.2649505039206055, -8.324656816077256]]]], "centroids": [[1.9948709012241994, -6.254823105926297, 6.0258455223639045]], "h": 0.4935561452377747}, "mtl": {"face": 8, "edge": 1}}], "featureCount": 8}