{"type": "block", "layer": 2, "block": 0, "features": [{"geom": {"polygons": [[[[-13.403759612456328, 14.431082283627013], [-13.626281359725889, 18.372896092482975], [-13.196375399011384, 20.231785246478314], [-12.79523075256191, 21.615355838461472], [-12.568167745139668, 21.5532919497435], [-13.022293759984144, 19.980502185049446], [-12.51518637674467, 19.897245748881833], [-11.936932584499498, 19.827613093277982], [-11.941473844652172, 19.942658350479068], [-11.712897083845707, 19.962337144438745], [-11.723493357517661, 20.09857494880751], [-10.97115792626287, 20.156097577337565], [-10.990836720240171, 19.64293518061402], [-10.557903252757217, 12.885540079778513], [-11.246661041945055, 12.765953562530491], [-11.352623778735055, 13.484986419367624], [-11.4025776403616, 14.474981131734289], [-13.097981429124895, 14.417458503204239], [-13.403759612456328, 14.431082283627013]]]], "centroids": [[-12.08940867549117, 16.98211018401002, 7.785017149854866]], "h": 1.3623780445334333}, "mtl": {"face": 0, "edge": 1}}, {"geom": {"polygons": [[[[-24.09539975527885, 8.120244430609153], [-19.587442181251774, 7.566210692476299], [-19.808450175137114, 5.746679126400312], [-24.319435255932643, 6.297685357694227], [-24.09539975527885, 8.120244430609153]]]], "centroids": [[-21.95338356515809, 6.932701446992259, 7.733316798952237]], "h": 1.3623780445334333}, "mtl": {"face": 0, "edge": 1}}, {"geom": {"polygons": [[[[-21.59316541348155, -1.9356192913859296], [-21.898943596812988, -1.8932341966276338], [-22.348528351504786, -5.137207696096093], [-22.825360667095012, -5.156886490055771], [-22.94040592419036, -7.734808501029229], [-25.380576377287312, -7.830174964129659], [-25.704519601211828, -5.281014267350739], [-26.167728136344024, -5.299179307961436], [-26.35846106258012, -4.518082562547307], [-27.286391886246374, -4.552898890278744], [-27.269740599037522, -4.991887371351492], [-30.14133076623321, -5.103905121572659], [-30.253348516560102, -2.2217186806872147], [-29.59032453488646, -2.1959848731906395], [-29.620599602553334, -1.3830993066020536], [-31.10105041093294, -1.4406219352730858], [-31.24182947554248, 2.2256887580064006], [-27.575518782368956, 2.3679815759120655], [-27.524051167340563, 1.0222548186402665], [-23.966730717725486, 1.1600063764989894], [-23.942510663613138, 0.5106061752657022], [-22.86623200843384, 0.5529912698830202], [-22.846553214456538, 0.05799391377017626], [-23.128111343658002, 0.047397640045356196], [-23.922831869635836, 0.017122572501838886], [-23.89255680196897, -0.7442953790935896], [-23.099350029375355, -0.7125065580601138], [-23.097836275991128, -0.7518641459794672], [-21.735458231457695, -0.700396530986313], [-21.815687160751118, -1.2831915834546843], [-21.508395224035453, -1.3255766780720024], [-21.59316541348155, -1.9356192913859296]], [[-26.313048461088623, -0.5036085912485582], [-26.284287146823594, -1.2317239683205525], [-25.54708924939343, -1.2029626541260157], [-25.57585056365846, -0.4748472769130404], [-26.313048461088623, -0.5036085912485582]]]], "centroids": [[-26.408226242468647, -2.252967635000095, 7.40424128214276]], "h": 0.9082520296889555}, "mtl": {"face": 0, "edge": 1}}, {"geom": {"polygons": [[[[11.98188461736055, -20.52905209251413], [11.556519916781106, -21.817256221255885], [11.492942274714157, -21.796063673947224], [10.687625475046747, -21.538725598840475], [10.409094852613732, -22.036750461792256], [3.380737896196273, -18.48245751901589], [4.479722852121326, -16.310221414591748], [4.897518785779653, -16.522146888242244], [4.682565805431215, -16.950539095590173], [5.646826710283614, -17.437967684817135], [5.846642156807436, -17.0398505451537], [6.2598968303130835, -17.248748511965257], [6.050998863483925, -17.65746192535351], [7.171176366770493, -18.2281469506071], [7.386129347136549, -17.80732351014505], [7.814521554466836, -18.025303997332447], [7.604109834253448, -18.435531164069676], [8.712177310483838, -18.99561991573943], [8.933185304369184, -18.561172694854605], [9.352494991411731, -18.774611921854078], [9.140569517814123, -19.19392160882617], [10.262260774484911, -19.7676341409187], [10.469644987929849, -19.35740697418147], [10.885927168203956, -19.570846201180945], [10.678542954759019, -19.979559614569194], [11.264365513907693, -20.273227770756364], [11.353676963488834, -20.100659885166205], [12.036379739139779, -20.320154125702576], [11.98188461736055, -20.52905209251413]]]], "centroids": [[7.646505269136283, -19.42875573096218, 7.38273758103854]], "h": 1.3623780445334333}, "mtl": {"face": 0, "edge": 1}}, {"geom": {"polygons": [[[[-14.372561777443781, 1.423399465001657], [-14.383158051133355, 1.2417490591766354], [-14.737376342707115, 0.9511084096874339], [-15.0340720057332, 1.2917029208208122], [-15.023475732061248, 1.4748670801357924], [-16.572045442678096, 1.5974811040817756], [-16.874796119241083, 1.963809422711736], [-18.0373587172507, 2.0727996662349444], [-18.33102687350834, 2.3967428902475802], [-18.13121142698452, 4.930766053113765], [-16.67043941256459, 4.803610768838884], [-16.667411905796143, 4.89594972524135], [-13.379539558326353, 4.656776690745299], [-13.499126075574368, 2.8054563036358364], [-13.370457038021005, 2.779722496139261], [-13.434034680105578, 2.0500933655773017], [-13.788252971679333, 2.074313419724903], [-13.791280478447781, 2.0273870647786874], [-13.835179326555059, 2.031928324966607], [-13.865454394204308, 1.703443840907023], [-14.218158932411463, 1.4112894380688408], [-14.372561777443781, 1.423399465001657]]]], "centroids": [[-15.786012840558449, 3.221174905604025, 7.5625402589816675]], "h": 0.45412601484447773}, "mtl": {"face": 0, "edge": 1}}, {"geom": {"polygons": [[[[11.88500440085829, 21.48063178730071], [11.73211530919257, 19.6989440557951], [12.222571405223192, 19.656558961036804], [12.060599793269756, 17.765880986007982], [11.862298100112534, 17.78253227312872], [11.77450040391561, 16.757721233030622], [11.502024795001875, 16.781941287178217], [11.489914767945708, 16.644189729319496], [10.359140990987182, 16.742583699117883], [10.053362807655752, 16.806161341184836], [10.495378795426424, 21.95140908940693], [10.786019444933236, 21.925675281910355], [10.790560705085916, 21.986225417279353], [11.919820728660213, 21.88783144733998], [11.88500440085829, 21.48063178730071]]]], "centroids": [[11.108107462607142, 19.189167347993813, 8.14433262529443]], "h": 0.9082520296889555}, "mtl": {"face": 0, "edge": 1}}, {"geom": {"polygons": [[[[15.079024038594257, 10.574038664146666], [15.287922005423415, 10.557387377025929], [15.16379422804035, 9.004276406150572], [15.15773921450345, 8.930102490499777], [14.618843010212878, 8.975515091956034], [14.627925530518226, 9.079964075291324], [14.145038201391102, 9.120835416700638], [14.116276887126078, 8.77267213868138], [8.04007080850485, 9.293403302290798], [8.200528667091689, 11.164402483500915], [15.079024038594257, 10.574038664146666]]]], "centroids": [[11.598683180764125, 9.948607445105715, 8.073973674803211]], "h": 0.9082520296889555}, "mtl": {"face": 0, "edge": 1}}, {"geom": {"polygons": [[[[16.78653785441372, 20.984120677838884], [16.639703776284897, 19.276606861984067], [16.44442958989614, 19.29325814924578], [12.222571405223192, 19.656558961036804], [11.73211530919257, 19.6989440557951], [11.88500440085829, 21.48063178730071], [12.151424996235116, 21.456411733294093], [12.158993763138625, 21.54269567601868], [12.69334870727652, 21.497283074562425], [12.68577994037302, 21.409485378347878], [13.176236036403644, 21.36861403707954], [13.19591483038094, 21.579025757240075], [16.812271661927912, 21.26719256044221], [16.78653785441372, 20.984120677838884]]]], "centroids": [[14.311785922122034, 20.458247055417463, 8.151492441347257]], "h": 0.9082520296889555}, "mtl": {"face": 0,