{"type": "block", "layer": 7, "block": 0, "features": [{"geom": {"polygons": [[[[-13.485827206097268, 11.813553283291172], [-13.586973454856043, 13.605286832768844], [-13.391561654531491, 14.45023644822019], [-13.209223178872847, 15.079132171848082], [-13.10601272095377, 15.050921313339948], [-13.312433636791932, 14.336016874843576], [-13.081930280774252, 14.298173040221979], [-12.81908764793584, 14.266521833129366], [-12.821151857096147, 14.31881513185706], [-12.717253329456963, 14.327760038202358], [-12.722069817489661, 14.389686312915353], [-12.3800991669197, 14.415832962247164], [-12.389044073273004, 14.182577327373126], [-12.192256133508256, 11.11103409972458], [-12.505327855866, 11.056676591884639], [-12.553492736225035, 11.383509708628367], [-12.576199036964347, 11.833507305158088], [-13.346837122764954, 11.80736065582628], [-13.485827206097268, 11.813553283291172]]]], "centroids": [[-12.888394962022886, 12.973111419827406, 3.538644159020858]], "h": 0.6192627475144827}, "mtl": {"face": 0, "edge": 1}}, {"geom": {"polygons": [[[[-18.34566363464735, 8.944990622832202], [-16.296592010091953, 8.69315710549941], [-16.39705018913063, 7.866097302738663], [-18.44749795312623, 8.11655468059921], [-18.34566363464735, 8.944990622832202]]]], "centroids": [[-17.37201991186631, 8.40519835755249, 3.5151439995196903]], "h": 0.6192627475144827}, "mtl": {"face": 0, "edge": 1}}, {"geom": {"polygons": [[[[-17.208284388377166, 4.374143476476687], [-17.347274471709472, 4.393409428639527], [-17.551631178387332, 2.918876019792125], [-17.768373140019005, 2.9099311134468255], [-17.820666438698645, 1.7381483811876715], [-18.92983482646871, 1.6947999888693521], [-19.077081746434228, 2.853509396494642], [-19.287631080584983, 2.8452525598534253], [-19.37432786523765, 3.2002965350412103], [-19.796114603267284, 3.1844709315269406], [-19.788545836354178, 2.9849307128577656], [-21.093814094168888, 2.9340135536663934], [-21.144731253408334, 4.244098299521722], [-20.843356716284294, 4.255795484747427], [-20.857118110678314, 4.625288924105398], [-21.53005029630463, 4.599142274709507], [-21.59404078021798, 6.265647135288949], [-19.927535919686484, 6.33032568888235], [-19.904141549219062, 5.718631708305042], [-18.2871777084868, 5.781246052786201], [-18.2761685929812, 5.486064143135088], [-17.78695102244572, 5.5053300952338455], [-17.77800611609241, 5.280331297001025], [-17.905987083911114, 5.275514808944297], [-18.267223686627894, 5.26175341460635], [-18.253462292233873, 4.915654345699783], [-17.892913759237196, 4.930103809805887], [-17.892225689517094, 4.912213997115295], [-17.27296294200261, 4.935608367566698], [-17.309430637135943, 4.670701525535959], [-17.169752484083528, 4.651435573437207], [-17.208284388377166, 4.374143476476687]], [[-19.353685773650632, 5.025057431083743], [-19.34061244898473, 4.6940958960514445], [-19.005522495607767, 4.707169220685309], [-19.01859582027367, 5.038130755781689], [-19.353685773650632, 5.025057431083743]]]], "centroids": [[-19.39694840155059, 4.229894229379523, 3.365564219151918]], "h": 0.4128418316763218}, "mtl": {"face": 0, "edge": 1}}, {"geom": {"polygons": [[[[-1.9468980107392675, -4.077416887661612], [-2.1402456019115226, -4.662964218907107], [-2.1691445301237398, -4.653331242857731], [-2.53519762088123, -4.536359390536631], [-2.661802449259726, -4.762734328241694], [-5.856510156718519, -3.1471466269817907], [-5.356971540389527, -2.159766579517543], [-5.167064297817781, -2.2560963402676424], [-5.264770197976048, -2.450820070880089], [-4.8264697866800095, -2.672378520528421], [-4.735644583714743, -2.4914161843180027], [-4.547801550303299, -2.5863698055958615], [-4.642755171589174, -2.7721486298630085], [-4.133583579186773, -3.031550914068855], [-4.035877679020494, -2.840267532040894], [-3.841153948416043, -2.9393495716714018], [-3.9367956394220194, -3.1258164656426315], [-3.433128604772423, -3.380402261855828], [-3.332670425733747, -3.182926252362979], [-3.1420751134419, -3.2799440828171607], [-3.238404874167977, -3.4705393950769547], [-2.7285452120454745, -3.7313178187550453], [-2.634279660479699, -3.5448509247838156], [-2.4450604876280533, -3.6418687552379976], [-2.5393260391938286, -3.827647579505144], [-2.2730430577629193, -3.961133105044594], [-2.2324469443169903, -3.8826931570491654], [-1.9221275008396488, -3.982463266383753], [-1.9468980107392675, -4.077416887661612]]]], "centroids": [[-3.917524987202575, -3.577282177865914, 3.355789809559102]], "h": 0.6192627475144827}, "mtl": {"face": 0, "edge": 1}}, {"geom": {"polygons": [[[[-13.926191826545603, 5.900970183923626], [-13.931008314586313, 5.818401817639633], [-14.09201662893783, 5.686292431508345], [-14.226878293949536, 5.841108118386954], [-14.222061805916836, 5.924364554439111], [-14.925957128923685, 5.980098201687212], [-15.06357107281579, 6.146611073791526], [-15.592008617365005, 6.19615209357474], [-15.725494142936508, 6.343399013580295], [-15.634668939971242, 7.495227723972527], [-14.970681660690222, 7.437429867484022], [-14.969305521250014, 7.479402120394182], [-13.474818090583657, 7.370687104714299], [-13.529175598423599, 6.529177837847442], [-13.470689672263047, 6.517480652621737], [-13.499588600483275, 6.185831047821281], [-13.660596914834795, 6.1968401633428964], [-13.661973054275, 6.175510002003741], [-13.68192707614192, 6.177574211180064], [-13.695688470527923, 6.028263082062266], [-13.856008715167356, 5.895465626226896], [-13.926191826545603, 5.900970183923626]]]], "centroids": [[-14.568669582506072, 6.718140838741831, 3.437518299533157]], "h": 0.2064209158381609}, "mtl": {"face": 0, "edge": 1}}, {"geom": {"polygons": [[[[-1.9909344727857048, 15.017893966775087], [-2.060429514451856, 14.208035907000852], [-1.8374949253472828, 14.188769954838019], [-1.9111183853260383, 13.32937087528057], [-2.0012555185792147, 13.336939642153624], [-2.0411635623050373, 12.871116442109631], [-2.1650161118111413, 12.882125557631253], [-2.170520669563941, 12.819511213150095], [-2.684508749999037, 12.86423574487658], [-2.8234988333313504, 12.893134673088795], [-2.6225824752539983, 15.231883649550367], [-2.4904730891146922, 15.22018646432467], [-2.48840887995439, 15.247709253128718], [-1.9751088692393892, 15.20298472133816], [-1.9909344727857048, 15.017893966775087]]]], "centroids": [[-2.3440694447176336, 13.976319221636935, 3.701969375129562]], "h": 0.4128418316763218}, "mtl": {"face": 0, "edge": 1}}, {"geom": {"polygons": [[[[-0.5391073647255717, 10.060351638075092], [-0.4441537434396958, 10.052782871202039], [-0.5005754604319401, 9.346823338986876], [-0.5033277393123425, 9.313107922782015], [-0.7482805594441366, 9.333750014353013], [-0.744152141123533, 9.381226824959898], [-0.9636463816356078, 9.399804707418653], [-0.9767197063015098, 9.241548671955556], [-3.738631560217065, 9.478244655414082], [-3.6656961699504054, 10.328698828690312], [-0.5391073647255717, 10.060351638075092]]]], "centroids": [[-2.1210804819192575, 9.776064720329572, 3.669988033997227]], "h": 0.4128418316763218}, "mtl": {"face": 0, "edge": 1}}, {"geom": {"polygons": [[[[0.23703527882783515, 14.792207098838185], [0.17029251604208095, 14.016064455268811], [0.08153152222911686, 14.023633222205952], [-1.8374949253472828, 14.188769954838019], [-2.060429514451856, 14.208035907000852], [-1.9909344727857048, 15.017893966775087], [-1.869834202160009, 15.006884851317547], [-1.8663938535675106, 15.046104825283221], [-1.6235052425960184, 15.025462733712223], [-1.6269455911885167, 14.985554689978391], [-1.4040110020839436, 14.966976807583716], [-1.395066095730635, 15.062618498565655], [0.2487324640615518, 14.920876136384992], [0.23703527882783515, 14.792207098838185]]]], "centroids": [[-0.8878519631216331, 14.553173634101489, 3.7052238369717525]], "h": 0.4128418316763218}, "mtl": {"face": 0,